<?xml version="1.0" encoding="UTF-8"?>
<metadata xml:lang="es">
	<idinfo>
		<citation>
			<citeinfo>
				<origin>Gerencia de Sistemas de Información Geográfica</origin>
				<pubdate>15/06/2016</pubdate>
				<title Sync="TRUE">CP_14Jal_v2</title>
				<geoform Sync="TRUE">vector digital data</geoform>
				<onlink Sync="TRUE">\\ERCASTRO01\C$\CARTOGRAFIA\Presidencia\Entrega_Presidencia_15Junio2016\CP_14Jal_v2.shp</onlink>
				<ftname Sync="TRUE">CP_14Jal_v2</ftname></citeinfo>
		</citation>
		<descript>
			<abstract>Áreas de Código Postal</abstract>
			<purpose>REQUIRED: A summary of the intentions with which the data set was developed.</purpose>
			<langdata Sync="TRUE">es</langdata></descript>
		<timeperd>
			<timeinfo>
				<sngdate>
					<caldate>unknown</caldate>
					<time>unknown</time>
				</sngdate>
			</timeinfo>
			<current>publication date</current>
		</timeperd>
		<status>
			<progress>In work</progress>
			<update>Continually</update>
		</status>
		<spdom>
			<bounding>
				<westbc Sync="TRUE">-105.759615</westbc>
				<eastbc Sync="TRUE">-101.506999</eastbc>
				<northbc Sync="TRUE">22.762420</northbc>
				<southbc Sync="TRUE">18.885933</southbc>
			</bounding>
			<lboundng><leftbc Sync="TRUE">2115863.615801</leftbc><rightbc Sync="TRUE">2550360.721434</rightbc><bottombc Sync="TRUE">770594.310023</bottombc><topbc Sync="TRUE">1193103.312334</topbc></lboundng></spdom>
		<keywords>
			<theme>
				<themekt>REQUIRED: Reference to a formally registered thesaurus or a similar authoritative source of theme keywords.</themekt>
				<themekey>Áreas de Código Postal</themekey>
			</theme>
		</keywords>
		<accconst>REQUIRED: Restrictions and legal prerequisites for accessing the data set.</accconst>
		<useconst>REQUIRED: Restrictions and legal prerequisites for using the data set after access is granted.</useconst>
		<native Sync="TRUE">Microsoft Windows Vista Version 6.1 (Build 7601) Service Pack 1; ESRI ArcCatalog 9.3.0.1770</native>
		<natvform Sync="TRUE">Shapefile</natvform></idinfo>
	<dataqual>
		<lineage>
			<procstep>
				<procdesc Sync="TRUE">Metadata imported.</procdesc>
				<srcused Sync="TRUE">C:\Users\ercastro\AppData\Local\Temp\xml13B3.tmp</srcused>
				<procdate Sync="TRUE">20160509</procdate>
				<proctime Sync="TRUE">12435900</proctime>
			</procstep>
			<procstep>
				<procdesc Sync="TRUE">Metadata imported.</procdesc>
				<srcused Sync="TRUE">C:\Users\ercastro\AppData\Local\Temp\xmlDBB9.tmp</srcused>
				<procdate Sync="TRUE">20160615</procdate>
				<proctime Sync="TRUE">17083800</proctime>
			</procstep>
			<procstep><procdesc Sync="TRUE">Metadata imported.</procdesc><srcused Sync="TRUE">C:\Users\ercastro\AppData\Local\Temp\xmlAE12.tmp</srcused><procdate Sync="TRUE">20160615</procdate><proctime Sync="TRUE">17145900</proctime></procstep></lineage>
	</dataqual>
	<spdoinfo>
		<direct Sync="TRUE">Vector</direct>
		<ptvctinf>
			<sdtsterm Name="CP_14Jal_v2">
				<sdtstype Sync="TRUE">G-polygon</sdtstype>
				<ptvctcnt Sync="TRUE">1868</ptvctcnt>
			</sdtsterm>
			<esriterm Name="CP_14Jal_v2"><efeatyp Sync="TRUE">Simple</efeatyp><efeageom Sync="TRUE">Polygon</efeageom><esritopo Sync="TRUE">FALSE</esritopo><efeacnt Sync="TRUE">1868</efeacnt><spindex Sync="TRUE">TRUE</spindex><linrefer Sync="TRUE">FALSE</linrefer></esriterm></ptvctinf>
	</spdoinfo>
	<spref>
		<horizsys>
			<planar>
				<planci>
					<plance Sync="TRUE">coordinate pair</plance>
					<coordrep>
						<absres Sync="TRUE">0.000000</absres>
						<ordres Sync="TRUE">0.000000</ordres>
					</coordrep>
					<plandu Sync="TRUE">meters</plandu>
				</planci>
				<mapproj><mapprojn Sync="TRUE">Lambert Conformal Conic</mapprojn><lambertc><stdparll Sync="TRUE">17.500000</stdparll><stdparll Sync="TRUE">29.500000</stdparll><longcm Sync="TRUE">-102.000000</longcm><latprjo Sync="TRUE">12.000000</latprjo><feast Sync="TRUE">2500000.000000</feast><fnorth Sync="TRUE">0.000000</fnorth></lambertc></mapproj></planar>
			<geodetic>
				<horizdn Sync="TRUE">D_WGS_1984</horizdn>
				<ellips Sync="TRUE">WGS_1984</ellips>
				<semiaxis Sync="TRUE">6378137.000000</semiaxis>
				<denflat Sync="TRUE">298.257224</denflat>
			</geodetic>
			<cordsysn><geogcsn Sync="TRUE">GCS_WGS_1984</geogcsn><projcsn Sync="TRUE">Lambert_Conformal_Conic</projcsn></cordsysn></horizsys>
	</spref>
	<eainfo>
		<detailed Name="CP_14Jal_v2">
			<enttyp>
				<enttypl Sync="TRUE">CP_14Jal_v2</enttypl>
				<enttypt Sync="TRUE">Feature Class</enttypt><enttypc Sync="TRUE">1868</enttypc></enttyp>
			<attr>
				<attrlabl Sync="TRUE">FID</attrlabl>
				<attrdef Sync="TRUE">Internal feature number.</attrdef>
				<attrdefs Sync="TRUE">ESRI</attrdefs>
				<attrdomv>
					<udom Sync="TRUE">Sequential unique whole numbers that are automatically generated.</udom>
				</attrdomv>
				<attalias Sync="TRUE">FID</attalias><attrtype Sync="TRUE">OID</attrtype><attwidth Sync="TRUE">4</attwidth><atprecis Sync="TRUE">0</atprecis><attscale Sync="TRUE">0</attscale></attr>
			<attr>
				<attrlabl Sync="TRUE">Shape</attrlabl>
				<attrdef Sync="TRUE">Feature geometry.</attrdef>
				<attrdefs Sync="TRUE">ESRI</attrdefs>
				<attrdomv>
					<udom Sync="TRUE">Coordinates defining the features.</udom>
				</attrdomv>
				<attalias Sync="TRUE">Shape</attalias><attrtype Sync="TRUE">Geometry</attrtype><attwidth Sync="TRUE">0</attwidth><atprecis Sync="TRUE">0</atprecis><attscale Sync="TRUE">0</attscale></attr>
			<attr>
				<attrlabl Sync="TRUE">d_cp</attrlabl>
				<attalias Sync="TRUE">d_cp</attalias><attrtype Sync="TRUE">String</attrtype><attwidth Sync="TRUE">5</attwidth></attr>
		</detailed>
	</eainfo>
	<distinfo>
		<resdesc Sync="TRUE">Downloadable Data</resdesc>
		<stdorder>
			<digform>
				<digtinfo>
					<transize Sync="TRUE">6.474</transize>
					<dssize Sync="TRUE">6.474</dssize></digtinfo>
			</digform>
		</stdorder>
	</distinfo>
	<metainfo>
		<metd Sync="TRUE">20160615</metd>
		<metc>
			<cntinfo>
				<cntorgp>
					<cntorg>Correos de México</cntorg>
					<cntper>REQUIRED: The person responsible for the metadata information.</cntper>
				</cntorgp>
				<cntaddr>
					<addrtype>mailing and physical address</addrtype>
					<address>Miguel Schultz 102-1, Col. San Rafael</address>
					<city>Cuauhtémoc</city>
					<state>Ciudad de México</state>
					<postal>06470</postal>
					<country>México</country>
				</cntaddr>
				<cntvoice>REQUIRED: The telephone number by which individuals can speak to the organization or individual.</cntvoice>
				<cntemail>contacto@correosdemexico.gob.mx</cntemail>
			</cntinfo>
		</metc>
		<metstdn Sync="TRUE">FGDC Content Standards for Digital Geospatial Metadata</metstdn>
		<metstdv Sync="TRUE">FGDC-STD-001-1998</metstdv>
		<mettc Sync="TRUE">local time</mettc>
		<langmeta Sync="TRUE">es</langmeta><metextns><onlink Sync="TRUE">http://www.esri.com/metadata/esriprof80.html</onlink><metprof Sync="TRUE">ESRI Metadata Profile</metprof></metextns></metainfo>
	<Esri><MetaID>{3877F8E6-7913-4C16-BD3A-B7F4216EB07C}</MetaID><CreaDate>20160615</CreaDate><CreaTime>17145900</CreaTime><SyncOnce>FALSE</SyncOnce><SyncDate>20160615</SyncDate><SyncTime>17192600</SyncTime><ModDate>20160615</ModDate><ModTime>17192600</ModTime></Esri><dataIdInfo><envirDesc Sync="TRUE">Microsoft Windows Vista Version 6.1 (Build 7601) Service Pack 1; ESRI ArcCatalog 9.3.0.1770</envirDesc><dataLang><languageCode Sync="TRUE" value="es"></languageCode></dataLang><idCitation><resTitle Sync="TRUE">CP_14Jal_v2</resTitle><presForm><PresFormCd Sync="TRUE" value="005"></PresFormCd></presForm></idCitation><spatRpType><SpatRepTypCd Sync="TRUE" value="001"></SpatRepTypCd></spatRpType><dataExt><geoEle><GeoBndBox esriExtentType="native"><westBL Sync="TRUE">2115863.615801</westBL><eastBL Sync="TRUE">2550360.721434</eastBL><northBL Sync="TRUE">1193103.312334</northBL><southBL Sync="TRUE">770594.310023</southBL><exTypeCode Sync="TRUE">1</exTypeCode></GeoBndBox></geoEle></dataExt><geoBox esriExtentType="decdegrees"><westBL Sync="TRUE">-105.759615</westBL><eastBL Sync="TRUE">-101.506999</eastBL><northBL Sync="TRUE">22.76242</northBL><southBL Sync="TRUE">18.885933</southBL><exTypeCode Sync="TRUE">1</exTypeCode></geoBox></dataIdInfo><mdLang><languageCode Sync="TRUE" value="es"></languageCode></mdLang><mdStanName Sync="TRUE">ISO 19115 Geographic Information - Metadata</mdStanName><mdStanVer Sync="TRUE">DIS_ESRI1.0</mdStanVer><mdChar><CharSetCd Sync="TRUE" value="004"></CharSetCd></mdChar><mdHrLv><ScopeCd Sync="TRUE" value="005"></ScopeCd></mdHrLv><mdHrLvName Sync="TRUE">dataset</mdHrLvName><distInfo><distributor><distorTran><onLineSrc><orDesc Sync="TRUE">002</orDesc><linkage Sync="TRUE">file://\\ERCASTRO01\C$\CARTOGRAFIA\Presidencia\Entrega_Presidencia_15Junio2016\CP_14Jal_v2.shp</linkage><protocol Sync="TRUE">Local Area Network</protocol></onLineSrc><transSize Sync="TRUE">6.474</transSize></distorTran><distorFormat><formatName Sync="TRUE">Shapefile</formatName></distorFormat></distributor></distInfo><refSysInfo><RefSystem><refSysID><identCode Sync="TRUE">Lambert_Conformal_Conic</identCode></refSysID></RefSystem></refSysInfo><spatRepInfo><VectSpatRep><topLvl><TopoLevCd Sync="TRUE" value="001"></TopoLevCd></topLvl><geometObjs Name="CP_14Jal_v2"><geoObjTyp><GeoObjTypCd Sync="TRUE" value="001"></GeoObjTypCd></geoObjTyp><geoObjCnt Sync="TRUE">1868</geoObjCnt></geometObjs></VectSpatRep></spatRepInfo><mdDateSt Sync="TRUE">20160615</mdDateSt></metadata>
